zcode	filename	source_url	back_filename	back_source_url	name	type
z-dark-matter-001	z-dark-matter-001.avif	https://assets.arkham.build/fan_made_content/84b08ede-8129-4914-b0e3-f48ec649af9f/e4a38217-a26b-4e81-bad4-174eddbb3c63.jpg			Anachronism	treachery
z-dark-matter-002	z-dark-matter-002.avif	https://assets.arkham.build/fan_made_content/84b08ede-8129-4914-b0e3-f48ec649af9f/07738060-8467-478b-a714-39087a1f9ece.jpg			Haunting Past	treachery
z-dark-matter-003	z-dark-matter-003.avif	https://assets.arkham.build/fan_made_content/84b08ede-8129-4914-b0e3-f48ec649af9f/e9040561-54ee-4884-8dfa-31cf10e30313.jpg			Reminiscence (Pledge)	treachery
z-dark-matter-004	z-dark-matter-004.avif	https://assets.arkham.build/fan_made_content/84b08ede-8129-4914-b0e3-f48ec649af9f/ac299345-6f64-428d-a000-d714253f95aa.jpg			Reminiscence (Secrets)	treachery
z-dark-matter-005	z-dark-matter-005.avif	https://assets.arkham.build/fan_made_content/84b08ede-8129-4914-b0e3-f48ec649af9f/0f7ad74d-b0a1-41f5-a75d-9c3b1ddae86d.jpg			Reminiscence (Covenant)	treachery
z-dark-matter-006	z-dark-matter-006.avif	https://assets.arkham.build/fan_made_content/84b08ede-8129-4914-b0e3-f48ec649af9f/139b2ed3-58de-4a60-9cf0-8e55d7bb39b0.jpg	z-dark-matter-006b.avif	https://assets.arkham.build/fan_made_content/84b08ede-8129-4914-b0e3-f48ec649af9f/139b2ed3-58de-4a60-9cf0-8e55d7bb39b0_back.jpg	The Feaster from Afar	enemy
z-dark-matter-007	z-dark-matter-007.avif	https://assets.arkham.build/fan_made_content/84b08ede-8129-4914-b0e3-f48ec649af9f/6287288e-2b59-4819-82f3-eb24c57abfec.jpg			Call of the Void	treachery
z-dark-matter-008	z-dark-matter-008.avif	https://assets.arkham.build/fan_made_content/84b08ede-8129-4914-b0e3-f48ec649af9f/4c6c7181-3617-4b4a-af8e-854b79834b9c.jpg			Cold Vacuum	treachery
z-dark-matter-009	z-dark-matter-009.avif	https://assets.arkham.build/fan_made_content/84b08ede-8129-4914-b0e3-f48ec649af9f/969e4deb-9114-41b4-9b3b-72b5a20ffc84.jpg			Micrometeoroid	treachery
z-dark-matter-010	z-dark-matter-010.avif	https://assets.arkham.build/fan_made_content/84b08ede-8129-4914-b0e3-f48ec649af9f/2f946c7f-0e13-465a-8e1d-74b2a750bdca.jpg			The Colors of Space	treachery
z-dark-matter-011	z-dark-matter-011.avif	https://assets.arkham.build/fan_made_content/84b08ede-8129-4914-b0e3-f48ec649af9f/7a7ba456-b727-4c0d-a7fd-67c9e2bd9ca7.jpg			Grim Future	treachery
z-dark-matter-012	z-dark-matter-012.avif	https://assets.arkham.build/fan_made_content/84b08ede-8129-4914-b0e3-f48ec649af9f/e0556b7f-be48-4922-9d1a-cd747f54f72d.jpg			Future Evils	treachery
z-dark-matter-013	z-dark-matter-013.avif	https://assets.arkham.build/fan_made_content/84b08ede-8129-4914-b0e3-f48ec649af9f/387c5bbd-c81a-415d-b6d7-de8dfc7788d0.jpg			The Tatterdemalion	scenario
z-dark-matter-014	z-dark-matter-014.avif	https://assets.arkham.build/fan_made_content/84b08ede-8129-4914-b0e3-f48ec649af9f/5a1e8bf5-dc3a-4159-88d3-6369a466858c.jpg			Emergency Procedure	agenda
z-dark-matter-015	z-dark-matter-015.avif	https://assets.arkham.build/fan_made_content/84b08ede-8129-4914-b0e3-f48ec649af9f/26f44b98-8795-4c9f-a311-a1d8f3ed6d44.jpg			The Ghost Ship	agenda
z-dark-matter-016	z-dark-matter-016.avif	https://assets.arkham.build/fan_made_content/84b08ede-8129-4914-b0e3-f48ec649af9f/0c0c448f-2432-41db-a491-64b8e51ad56c.jpg			Rise of the Machines	agenda
z-dark-matter-017	z-dark-matter-017.avif	https://assets.arkham.build/fan_made_content/84b08ede-8129-4914-b0e3-f48ec649af9f/f0085fba-c985-444b-ba0e-69ec3895b4b5.jpg			Event Horizon	act
z-dark-matter-018	z-dark-matter-018.avif	https://assets.arkham.build/fan_made_content/84b08ede-8129-4914-b0e3-f48ec649af9f/26298129-dec0-43b6-99d5-82b29692faa6.jpg			Artifical Insanity	act
z-dark-matter-019	z-dark-matter-019.avif	https://assets.arkham.build/fan_made_content/84b08ede-8129-4914-b0e3-f48ec649af9f/4ebdd5e2-540c-4960-b01b-c0bfa073ca26.jpg			Reconnected	act
z-dark-matter-020	z-dark-matter-020.avif	https://assets.arkham.build/fan_made_content/84b08ede-8129-4914-b0e3-f48ec649af9f/9c1ffe41-6de8-4bd6-8b56-7fff72b473dd.jpg			Virtual Access Key	asset
z-dark-matter-021	z-dark-matter-021.avif	https://assets.arkham.build/fan_made_content/84b08ede-8129-4914-b0e3-f48ec649af9f/22ea5204-e5a6-4c88-8001-9503799cb538.jpg			Cargo Hold	location
z-dark-matter-022	z-dark-matter-022.avif	https://assets.arkham.build/fan_made_content/84b08ede-8129-4914-b0e3-f48ec649af9f/124d387b-f389-4f94-8b14-8036b516611d.jpg			Cryosleep Quarters	location
z-dark-matter-023	z-dark-matter-023.avif	https://assets.arkham.build/fan_made_content/84b08ede-8129-4914-b0e3-f48ec649af9f/4a321229-3925-4775-98c1-7393cfe650c1.jpg			Engine Room	location
z-dark-matter-024	z-dark-matter-024.avif	https://assets.arkham.build/fan_made_content/84b08ede-8129-4914-b0e3-f48ec649af9f/57d2aecd-7aae-422c-b958-5847b7504acb.jpg			Escape Pod Bay	location
z-dark-matter-025	z-dark-matter-025.avif	https://assets.arkham.build/fan_made_content/84b08ede-8129-4914-b0e3-f48ec649af9f/ee173399-bbae-45d6-9bcd-f08bb3878376.jpg			Infirmary	location
z-dark-matter-026	z-dark-matter-026.avif	https://assets.arkham.build/fan_made_content/84b08ede-8129-4914-b0e3-f48ec649af9f/292d677f-3f7c-402d-b721-44096d679baf.jpg			Mess Hall	location
z-dark-matter-027	z-dark-matter-027.avif	https://assets.arkham.build/fan_made_content/84b08ede-8129-4914-b0e3-f48ec649af9f/3187cde0-a49d-457d-9524-1f733259b197.jpg			Ship's Bridge	location
z-dark-matter-028	z-dark-matter-028.avif	https://assets.arkham.build/fan_made_content/84b08ede-8129-4914-b0e3-f48ec649af9f/8161c583-0186-45f7-a9ff-ac4c06f41530.jpg	z-dark-matter-028b.avif	https://assets.arkham.build/fan_made_content/84b08ede-8129-4914-b0e3-f48ec649af9f/8161c583-0186-45f7-a9ff-ac4c06f41530_back.jpg	Cybervirus	enemy
z-dark-matter-029	z-dark-matter-029.avif	https://assets.arkham.build/fan_made_content/84b08ede-8129-4914-b0e3-f48ec649af9f/4b77c16d-682b-40ba-8616-6fded96689b4.jpg	z-dark-matter-029b.avif	https://assets.arkham.build/fan_made_content/84b08ede-8129-4914-b0e3-f48ec649af9f/4b77c16d-682b-40ba-8616-6fded96689b4_back.jpg	EVA Suit	asset
z-dark-matter-030	z-dark-matter-030.avif	https://assets.arkham.build/fan_made_content/84b08ede-8129-4914-b0e3-f48ec649af9f/2057ce5a-d417-4070-918f-cf5070352034.jpg	z-dark-matter-030b.avif	https://assets.arkham.build/fan_made_content/84b08ede-8129-4914-b0e3-f48ec649af9f/2057ce5a-d417-4070-918f-cf5070352034_back.jpg	Final Destination	story
z-dark-matter-031	z-dark-matter-031.avif	https://assets.arkham.build/fan_made_content/84b08ede-8129-4914-b0e3-f48ec649af9f/254dd981-f7e3-47f4-9299-30429b930510.jpg	z-dark-matter-031b.avif	https://assets.arkham.build/fan_made_content/84b08ede-8129-4914-b0e3-f48ec649af9f/254dd981-f7e3-47f4-9299-30429b930510_back.jpg	Heir to Carcosa	asset
z-dark-matter-032	z-dark-matter-032.avif	https://assets.arkham.build/fan_made_content/84b08ede-8129-4914-b0e3-f48ec649af9f/f246606b-3f02-4577-857a-d078b9d346e5.jpg	z-dark-matter-032b.avif	https://assets.arkham.build/fan_made_content/84b08ede-8129-4914-b0e3-f48ec649af9f/f246606b-3f02-4577-857a-d078b9d346e5_back.jpg	Into the Archives	story
z-dark-matter-033	z-dark-matter-033.avif	https://assets.arkham.build/fan_made_content/84b08ede-8129-4914-b0e3-f48ec649af9f/ba10d7c7-7d6a-4a75-9f9f-93dad2d7dabf.jpg	z-dark-matter-033b.avif	https://assets.arkham.build/fan_made_content/84b08ede-8129-4914-b0e3-f48ec649af9f/ba10d7c7-7d6a-4a75-9f9f-93dad2d7dabf_back.jpg	JV-7 'Hyades'	enemy
z-dark-matter-034	z-dark-matter-034.avif	https://assets.arkham.build/fan_made_content/84b08ede-8129-4914-b0e3-f48ec649af9f/e6772fc2-cab8-4614-a630-fd6ef34344cd.jpg	z-dark-matter-034b.avif	https://assets.arkham.build/fan_made_content/84b08ede-8129-4914-b0e3-f48ec649af9f/e6772fc2-cab8-4614-a630-fd6ef34344cd_back.jpg	K2-PS187 Cybernetic Brains	story
z-dark-matter-035	z-dark-matter-035.avif	https://assets.arkham.build/fan_made_content/84b08ede-8129-4914-b0e3-f48ec649af9f/6eaf6f8c-b925-447a-a033-4f0837924141.jpg	z-dark-matter-035b.avif	https://assets.arkham.build/fan_made_content/84b08ede-8129-4914-b0e3-f48ec649af9f/6eaf6f8c-b925-447a-a033-4f0837924141_back.jpg	LR-02 'Hali'	enemy
z-dark-matter-036	z-dark-matter-036.avif	https://assets.arkham.build/fan_made_content/84b08ede-8129-4914-b0e3-f48ec649af9f/24840873-efc6-4445-ba54-9faf5b25fde2.jpg	z-dark-matter-036b.avif	https://assets.arkham.build/fan_made_content/84b08ede-8129-4914-b0e3-f48ec649af9f/24840873-efc6-4445-ba54-9faf5b25fde2_back.jpg	Medical Foam	asset
z-dark-matter-037	z-dark-matter-037.avif	https://assets.arkham.build/fan_made_content/84b08ede-8129-4914-b0e3-f48ec649af9f/6ed86948-043d-426a-bd4c-79ce79070022.jpg	z-dark-matter-037b.avif	https://assets.arkham.build/fan_made_content/84b08ede-8129-4914-b0e3-f48ec649af9f/6ed86948-043d-426a-bd4c-79ce79070022_back.jpg	Mind-Machine Interface	asset
z-dark-matter-038	z-dark-matter-038.avif	https://assets.arkham.build/fan_made_content/84b08ede-8129-4914-b0e3-f48ec649af9f/eed7b35f-3f27-41e8-9f41-7f0742ee9aa1.jpg	z-dark-matter-038b.avif	https://assets.arkham.build/fan_made_content/84b08ede-8129-4914-b0e3-f48ec649af9f/eed7b35f-3f27-41e8-9f41-7f0742ee9aa1_back.jpg	Radiation Tablets	asset
z-dark-matter-039	z-dark-matter-039.avif	https://assets.arkham.build/fan_made_content/84b08ede-8129-4914-b0e3-f48ec649af9f/62d05a36-1b59-4c36-9917-fa52b43ce664.jpg	z-dark-matter-039b.avif	https://assets.arkham.build/fan_made_content/84b08ede-8129-4914-b0e3-f48ec649af9f/62d05a36-1b59-4c36-9917-fa52b43ce664_back.jpg	Strange is the Night	story
z-dark-matter-040	z-dark-matter-040.avif	https://assets.arkham.build/fan_made_content/84b08ede-8129-4914-b0e3-f48ec649af9f/cf8f36ce-4e49-46aa-91ac-c12cb65fe2da.jpg	z-dark-matter-040b.avif	https://assets.arkham.build/fan_made_content/84b08ede-8129-4914-b0e3-f48ec649af9f/cf8f36ce-4e49-46aa-91ac-c12cb65fe2da_back.jpg	Ventilation Shaft	location
z-dark-matter-041	z-dark-matter-041.avif	https://assets.arkham.build/fan_made_content/84b08ede-8129-4914-b0e3-f48ec649af9f/49e6c16e-ffae-4e5b-8d26-19af843e6f3d.jpg	z-dark-matter-041b.avif	https://assets.arkham.build/fan_made_content/84b08ede-8129-4914-b0e3-f48ec649af9f/49e6c16e-ffae-4e5b-8d26-19af843e6f3d_back.jpg	What Type of Ship is This?	story
z-dark-matter-042	z-dark-matter-042.avif	https://assets.arkham.build/fan_made_content/84b08ede-8129-4914-b0e3-f48ec649af9f/5c450fcb-0da3-4425-a234-d799947c2855.jpg	z-dark-matter-042b.avif	https://assets.arkham.build/fan_made_content/84b08ede-8129-4914-b0e3-f48ec649af9f/5c450fcb-0da3-4425-a234-d799947c2855_back.jpg	Who am I?	story
z-dark-matter-043	z-dark-matter-043.avif	https://assets.arkham.build/fan_made_content/84b08ede-8129-4914-b0e3-f48ec649af9f/d58b842a-3adf-4a71-a9f0-386ff24bfcc8.jpg			Artificial Gravity Malfunction	treachery
z-dark-matter-044	z-dark-matter-044.avif	https://assets.arkham.build/fan_made_content/84b08ede-8129-4914-b0e3-f48ec649af9f/ab16e27e-e822-4105-889d-2096eb764e9d.jpg			Cabin Pressure	treachery
z-dark-matter-045	z-dark-matter-045.avif	https://assets.arkham.build/fan_made_content/84b08ede-8129-4914-b0e3-f48ec649af9f/f7971251-8111-4cd2-968b-52b2fb2638eb.jpg			Coolant Leak	treachery
z-dark-matter-046	z-dark-matter-046.avif	https://assets.arkham.build/fan_made_content/84b08ede-8129-4914-b0e3-f48ec649af9f/cd37d3ab-05c9-48e0-98bd-8c53809fc4a0.jpg			Decompression	treachery
z-dark-matter-047	z-dark-matter-047.avif	https://assets.arkham.build/fan_made_content/84b08ede-8129-4914-b0e3-f48ec649af9f/1666d108-65c6-4873-9809-d02667900ea6.jpg			High Radiation Levels	treachery
z-dark-matter-048	z-dark-matter-048.avif	https://assets.arkham.build/fan_made_content/84b08ede-8129-4914-b0e3-f48ec649af9f/0700e7c9-af6d-4077-8d24-6b0d9def550a.jpg			All-Seeing Eye	treachery
z-dark-matter-049	z-dark-matter-049.avif	https://assets.arkham.build/fan_made_content/84b08ede-8129-4914-b0e3-f48ec649af9f/8f9370da-e0e1-46c5-8f8c-bd98229cc332.jpg			Electric Surge	treachery
z-dark-matter-050	z-dark-matter-050.avif	https://assets.arkham.build/fan_made_content/84b08ede-8129-4914-b0e3-f48ec649af9f/fb39b07e-fc2c-47f3-be32-49e6eeca8015.jpg			Hallucinatory Holograms	treachery
z-dark-matter-051	z-dark-matter-051.avif	https://assets.arkham.build/fan_made_content/84b08ede-8129-4914-b0e3-f48ec649af9f/e6e75557-07f4-4c9a-b3ec-1675fe8341d6.jpg			Predictive Algorithm	treachery
z-dark-matter-052	z-dark-matter-052.avif	https://assets.arkham.build/fan_made_content/84b08ede-8129-4914-b0e3-f48ec649af9f/3d904ce6-5737-4c84-a632-e572831bb712.jpg			System Bug	enemy
z-dark-matter-053	z-dark-matter-053.avif	https://assets.arkham.build/fan_made_content/84b08ede-8129-4914-b0e3-f48ec649af9f/6e30daeb-0d61-4efd-bf06-5df4e804aba8.jpg			Electric Nightmare	scenario
z-dark-matter-054	z-dark-matter-054.avif	https://assets.arkham.build/fan_made_content/84b08ede-8129-4914-b0e3-f48ec649af9f/4c7386bc-6147-45d3-a682-4ce775956f67.jpg			Figment of Your Imagination	agenda
z-dark-matter-055	z-dark-matter-055.avif	https://assets.arkham.build/fan_made_content/84b08ede-8129-4914-b0e3-f48ec649af9f/7897d8d4-1e11-441d-8101-3f79d70dcf55.jpg			<family "Chiller"><b>IT</b>	agenda
z-dark-matter-056	z-dark-matter-056.avif	https://assets.arkham.build/fan_made_content/84b08ede-8129-4914-b0e3-f48ec649af9f/b1c9f295-3f3d-4c69-ba98-af735e9d01cd.jpg			Public School 187 (v. 1.0)	act
z-dark-matter-057	z-dark-matter-057.avif	https://assets.arkham.build/fan_made_content/84b08ede-8129-4914-b0e3-f48ec649af9f/2d847b18-242d-487d-bdf4-4888151f8ce3.jpg			Public School 187 (v. 2.0)	act
z-dark-matter-058	z-dark-matter-058.avif	https://assets.arkham.build/fan_made_content/84b08ede-8129-4914-b0e3-f48ec649af9f/afa72efb-75d0-439d-b973-53c622c0d08b.jpg			Public School 187 (v. 3.0)	act
z-dark-matter-059	z-dark-matter-059.avif	https://assets.arkham.build/fan_made_content/84b08ede-8129-4914-b0e3-f48ec649af9f/bcd4d816-40d0-4581-a96c-6c029d2d19ec.jpg			Psychoanalysis	act
z-dark-matter-060	z-dark-matter-060.avif	https://assets.arkham.build/fan_made_content/84b08ede-8129-4914-b0e3-f48ec649af9f/63657568-e65f-4a01-b870-6b774418eefc.jpg			Facing Your Fears	act
z-dark-matter-061	z-dark-matter-061.avif	https://assets.arkham.build/fan_made_content/84b08ede-8129-4914-b0e3-f48ec649af9f/b981acd0-98a6-4076-a8ad-526be48a6056.jpg			Maja	asset
z-dark-matter-062	z-dark-matter-062.avif	https://assets.arkham.build/fan_made_content/84b08ede-8129-4914-b0e3-f48ec649af9f/a9bdad62-4cd4-4f34-8f13-1f92bda1b61c.jpg			Reintegrated	story
z-dark-matter-063	z-dark-matter-063.avif	https://assets.arkham.build/fan_made_content/84b08ede-8129-4914-b0e3-f48ec649af9f/07ac0e51-7f01-4c01-9862-21bee0cf1328.jpg			Reintegrated	story
z-dark-matter-064	z-dark-matter-064.avif	https://assets.arkham.build/fan_made_content/84b08ede-8129-4914-b0e3-f48ec649af9f/aefc0b06-2c29-4c5f-ad4c-91ff72d7faea.jpg			Reintegrated	story
z-dark-matter-065	z-dark-matter-065.avif	https://assets.arkham.build/fan_made_content/84b08ede-8129-4914-b0e3-f48ec649af9f/32446b8c-481c-4419-bda1-1dabc7fbf4f2.jpg			Reintegrated	story
z-dark-matter-066	z-dark-matter-066.avif	https://assets.arkham.build/fan_made_content/84b08ede-8129-4914-b0e3-f48ec649af9f/c0199885-f7ef-4e2a-a323-c02a6f4ec91e.jpg			Desync	treachery
z-dark-matter-067	z-dark-matter-067.avif	https://assets.arkham.build/fan_made_content/84b08ede-8129-4914-b0e3-f48ec649af9f/9b092a0a-2a5b-4b60-b2db-e3ba27225b78.jpg			K2-PS187	asset
z-dark-matter-068	z-dark-matter-068.avif	https://assets.arkham.build/fan_made_content/84b08ede-8129-4914-b0e3-f48ec649af9f/9db6e367-faea-4c2e-8ada-b63e062324fb.jpg			K2-PS187	asset
z-dark-matter-069	z-dark-matter-069.avif	https://assets.arkham.build/fan_made_content/84b08ede-8129-4914-b0e3-f48ec649af9f/9d573e8e-e1fb-4241-9ee2-5a20a79a25cd.jpg			K2-PS187	asset
z-dark-matter-070	z-dark-matter-070.avif	https://assets.arkham.build/fan_made_content/84b08ede-8129-4914-b0e3-f48ec649af9f/b19377ff-d3e8-41c0-ab37-3b7c1f00959a.jpg			K2-PS187	asset
z-dark-matter-071	z-dark-matter-071.avif	https://assets.arkham.build/fan_made_content/84b08ede-8129-4914-b0e3-f48ec649af9f/d83b94d7-bfa9-4f7f-ab2f-38b7169ba7da.jpg			Cafeteria	location
z-dark-matter-072	z-dark-matter-072.avif	https://assets.arkham.build/fan_made_content/84b08ede-8129-4914-b0e3-f48ec649af9f/6fb5ef9e-48b3-4e65-aa77-5cc77f7f4e77.jpg			Classroom K2	location
z-dark-matter-073	z-dark-matter-073.avif	https://assets.arkham.build/fan_made_content/84b08ede-8129-4914-b0e3-f48ec649af9f/252169ab-f00c-4f56-860a-4f1171409c5f.jpg			Entrance Hall	location
z-dark-matter-074	z-dark-matter-074.avif	https://assets.arkham.build/fan_made_content/84b08ede-8129-4914-b0e3-f48ec649af9f/f275eb70-15ef-4478-842d-54357f67b393.jpg			Gymnasium	location
z-dark-matter-075	z-dark-matter-075.avif	https://assets.arkham.build/fan_made_content/84b08ede-8129-4914-b0e3-f48ec649af9f/79cc7628-4936-4887-85cb-22b06e208dd8.jpg			Biology Lab	location
z-dark-matter-076	z-dark-matter-076.avif	https://assets.arkham.build/fan_made_content/84b08ede-8129-4914-b0e3-f48ec649af9f/a6e8b85f-e976-45bd-ac49-3697503ce611.jpg			Library	location
z-dark-matter-077	z-dark-matter-077.avif	https://assets.arkham.build/fan_made_content/84b08ede-8129-4914-b0e3-f48ec649af9f/391c89d9-361e-4ce9-80b7-f9eaf3aaa134.jpg			School Grounds	location
z-dark-matter-078	z-dark-matter-078.avif	https://assets.arkham.build/fan_made_content/84b08ede-8129-4914-b0e3-f48ec649af9f/b51b3f6e-8f27-49a3-a214-f166d2b3ae89.jpg			Digital Corrosion	treachery
z-dark-matter-079	z-dark-matter-079.avif	https://assets.arkham.build/fan_made_content/84b08ede-8129-4914-b0e3-f48ec649af9f/e68519a0-f91b-4653-b81f-063af4723d68.jpg			Shadow of Thoughts	enemy
z-dark-matter-080	z-dark-matter-080.avif	https://assets.arkham.build/fan_made_content/84b08ede-8129-4914-b0e3-f48ec649af9f/5e316ffc-5a75-4c63-8a39-4e378cb1deb4.jpg			Decoherence	treachery
z-dark-matter-081	z-dark-matter-081.avif	https://assets.arkham.build/fan_made_content/84b08ede-8129-4914-b0e3-f48ec649af9f/d428e529-2e10-4bf6-bc95-ef88844b39e8.jpg			Duplication	treachery
z-dark-matter-082	z-dark-matter-082.avif	https://assets.arkham.build/fan_made_content/84b08ede-8129-4914-b0e3-f48ec649af9f/819cf984-2163-45f0-9185-89c40c13c888.jpg			Glitch in the System	enemy
z-dark-matter-083	z-dark-matter-083.avif	https://assets.arkham.build/fan_made_content/84b08ede-8129-4914-b0e3-f48ec649af9f/7dbe8a67-387f-472a-920e-5fe0181fcde8.jpg			Manifested Whispers	enemy
z-dark-matter-084	z-dark-matter-084.avif	https://assets.arkham.build/fan_made_content/84b08ede-8129-4914-b0e3-f48ec649af9f/9b793876-0e9d-4dd1-8ff1-16b342b61a77.jpg			Non-Euclidean Geometry	treachery
z-dark-matter-085	z-dark-matter-085.avif	https://assets.arkham.build/fan_made_content/84b08ede-8129-4914-b0e3-f48ec649af9f/0bc8b2da-72fe-4172-89e7-e97824b0307b.jpg			Virtual Byakhee	enemy
z-dark-matter-086	z-dark-matter-086.avif	https://assets.arkham.build/fan_made_content/84b08ede-8129-4914-b0e3-f48ec649af9f/823ccdd5-ae03-48d6-ac77-92bd4afba43a.jpg			<family "Chiller"><b>THE BOOGEYMAN</b>	enemy
z-dark-matter-087	z-dark-matter-087.avif	https://assets.arkham.build/fan_made_content/84b08ede-8129-4914-b0e3-f48ec649af9f/bee8c70f-a5a6-4cc8-93ce-fd1861c0133e.jpg			<family "Chiller"><b>COME CLOSER</b>	treachery
z-dark-matter-088	z-dark-matter-088.avif	https://assets.arkham.build/fan_made_content/84b08ede-8129-4914-b0e3-f48ec649af9f/5296628a-585a-4c91-82b6-6cb40daf5ded.jpg			<family "Chiller"><b>REMEMBER ME?</b>	treachery
z-dark-matter-089	z-dark-matter-089.avif	https://assets.arkham.build/fan_made_content/84b08ede-8129-4914-b0e3-f48ec649af9f/5bf13194-264c-465e-9d52-23611c348bd5.jpg			<family "Chiller"><b>SURPRISE!</b>	treachery
z-dark-matter-090	z-dark-matter-090.avif	https://assets.arkham.build/fan_made_content/84b08ede-8129-4914-b0e3-f48ec649af9f/1427a915-e953-4175-8e63-d63877ad7502.jpg			Lost Quantum	scenario
z-dark-matter-091	z-dark-matter-091.avif	https://assets.arkham.build/fan_made_content/84b08ede-8129-4914-b0e3-f48ec649af9f/8c8435f4-1cca-47aa-bfdc-f42d73006d65.jpg			The Quantum Maelstrom	agenda
z-dark-matter-092	z-dark-matter-092.avif	https://assets.arkham.build/fan_made_content/84b08ede-8129-4914-b0e3-f48ec649af9f/446260f9-efb0-4334-8e16-321204739fdd.jpg			The Quantum Maelstrom	agenda
z-dark-matter-093	z-dark-matter-093.avif	https://assets.arkham.build/fan_made_content/84b08ede-8129-4914-b0e3-f48ec649af9f/3e6e9f02-9e94-42a0-8fb2-bff1c69a7df7.jpg			The Quantum Maelstrom	agenda
z-dark-matter-094	z-dark-matter-094.avif	https://assets.arkham.build/fan_made_content/84b08ede-8129-4914-b0e3-f48ec649af9f/b476e5fd-f424-462f-b30a-c2a6436bb624.jpg			Elbrus Station	act
z-dark-matter-095	z-dark-matter-095.avif	https://assets.arkham.build/fan_made_content/84b08ede-8129-4914-b0e3-f48ec649af9f/1764247e-6a32-44f9-9ba8-ecf39bc75ae0.jpg			Quantum Zeno	act
z-dark-matter-096	z-dark-matter-096.avif	https://assets.arkham.build/fan_made_content/84b08ede-8129-4914-b0e3-f48ec649af9f/9095f318-6dcb-434b-9267-35687f1e69b5.jpg			Destabilization	act
z-dark-matter-097	z-dark-matter-097.avif	https://assets.arkham.build/fan_made_content/84b08ede-8129-4914-b0e3-f48ec649af9f/cccc97c4-3a59-4f67-ac46-cdd583e87244.jpg			Erwin Simmons	asset
z-dark-matter-098	z-dark-matter-098.avif	https://assets.arkham.build/fan_made_content/84b08ede-8129-4914-b0e3-f48ec649af9f/74d387fd-504b-475b-8336-7e034cd289d5.jpg			Erwin Simmons	asset
z-dark-matter-099	z-dark-matter-099.avif	https://assets.arkham.build/fan_made_content/84b08ede-8129-4914-b0e3-f48ec649af9f/eb14ee22-86dd-41c4-b6d8-095658fc77b1.jpg	z-dark-matter-099b.avif	https://assets.arkham.build/fan_made_content/84b08ede-8129-4914-b0e3-f48ec649af9f/eb14ee22-86dd-41c4-b6d8-095658fc77b1_back.jpg	Cold Wastes	location
z-dark-matter-100	z-dark-matter-100.avif	https://assets.arkham.build/fan_made_content/84b08ede-8129-4914-b0e3-f48ec649af9f/bdb16d7b-8d6c-472b-ae9d-bf00400bd076.jpg	z-dark-matter-100b.avif	https://assets.arkham.build/fan_made_content/84b08ede-8129-4914-b0e3-f48ec649af9f/bdb16d7b-8d6c-472b-ae9d-bf00400bd076_back.jpg	Crystal Peak	location
z-dark-matter-101	z-dark-matter-101.avif	https://assets.arkham.build/fan_made_content/84b08ede-8129-4914-b0e3-f48ec649af9f/b1dd8e97-e24d-4165-996d-4da4e84d4310.jpg	z-dark-matter-101b.avif	https://assets.arkham.build/fan_made_content/84b08ede-8129-4914-b0e3-f48ec649af9f/b1dd8e97-e24d-4165-996d-4da4e84d4310_back.jpg	Ice Spires	location
z-dark-matter-102	z-dark-matter-102.avif	https://assets.arkham.build/fan_made_content/84b08ede-8129-4914-b0e3-f48ec649af9f/3d8c90ec-930a-48fc-9720-3ca5f4727aa1.jpg	z-dark-matter-102b.avif	https://assets.arkham.build/fan_made_content/84b08ede-8129-4914-b0e3-f48ec649af9f/3d8c90ec-930a-48fc-9720-3ca5f4727aa1_back.jpg	Landing Craft	location
z-dark-matter-103	z-dark-matter-103.avif	https://assets.arkham.build/fan_made_content/84b08ede-8129-4914-b0e3-f48ec649af9f/ab5c01d8-b9a2-471a-926b-ab21cda92750.jpg	z-dark-matter-103b.avif	https://assets.arkham.build/fan_made_content/84b08ede-8129-4914-b0e3-f48ec649af9f/ab5c01d8-b9a2-471a-926b-ab21cda92750_back.jpg	Main Facility	location
z-dark-matter-104	z-dark-matter-104.avif	https://assets.arkham.build/fan_made_content/84b08ede-8129-4914-b0e3-f48ec649af9f/aac6bb05-cbe8-4765-95d1-8a8f95fb8a4f.jpg	z-dark-matter-104b.avif	https://assets.arkham.build/fan_made_content/84b08ede-8129-4914-b0e3-f48ec649af9f/aac6bb05-cbe8-4765-95d1-8a8f95fb8a4f_back.jpg	Omni-Transmitters	location
z-dark-matter-105	z-dark-matter-105.avif	https://assets.arkham.build/fan_made_content/84b08ede-8129-4914-b0e3-f48ec649af9f/59609700-ac17-4c97-91b9-c7ea264df963.jpg	z-dark-matter-105b.avif	https://assets.arkham.build/fan_made_content/84b08ede-8129-4914-b0e3-f48ec649af9f/59609700-ac17-4c97-91b9-c7ea264df963_back.jpg	Q-Crystal Mines	location
z-dark-matter-106	z-dark-matter-106.avif	https://assets.arkham.build/fan_made_content/84b08ede-8129-4914-b0e3-f48ec649af9f/edfe912c-43ea-40c8-a62c-e5218e525b6c.jpg	z-dark-matter-106b.avif	https://assets.arkham.build/fan_made_content/84b08ede-8129-4914-b0e3-f48ec649af9f/edfe912c-43ea-40c8-a62c-e5218e525b6c_back.jpg	Schröd Generators	location
z-dark-matter-107	z-dark-matter-107.avif	https://assets.arkham.build/fan_made_content/84b08ede-8129-4914-b0e3-f48ec649af9f/916ac63b-5879-43c3-ace7-901e441676d8.jpg			Entangled	treachery
z-dark-matter-108	z-dark-matter-108.avif	https://assets.arkham.build/fan_made_content/84b08ede-8129-4914-b0e3-f48ec649af9f/d4618ff1-1fee-46b6-8b6e-612bced9b311.jpg			Hound of Tindalos	enemy
z-dark-matter-109	z-dark-matter-109.avif	https://assets.arkham.build/fan_made_content/84b08ede-8129-4914-b0e3-f48ec649af9f/99da7119-2afb-4425-9d55-4bd7b2a0c0a1.jpg			Incomprehensible	treachery
z-dark-matter-110	z-dark-matter-110.avif	https://assets.arkham.build/fan_made_content/84b08ede-8129-4914-b0e3-f48ec649af9f/8d950a61-a4d4-4895-9e55-7063f4c82dcb.jpg			Mi-Go Stabilizer	enemy
z-dark-matter-111	z-dark-matter-111.avif	https://assets.arkham.build/fan_made_content/84b08ede-8129-4914-b0e3-f48ec649af9f/594b13f3-9159-45f2-975a-b8aec78fa4d8.jpg			Paradoxical Threat	treachery
z-dark-matter-112	z-dark-matter-112.avif	https://assets.arkham.build/fan_made_content/84b08ede-8129-4914-b0e3-f48ec649af9f/52452f27-95d0-4d83-b395-337793197855.jpg			Quantum Collapse	treachery
z-dark-matter-113	z-dark-matter-113.avif	https://assets.arkham.build/fan_made_content/84b08ede-8129-4914-b0e3-f48ec649af9f/1f34971c-8ddf-4a57-b9ea-8652478f6fce.jpg			Quantum Phantom	enemy
z-dark-matter-114	z-dark-matter-114.avif	https://assets.arkham.build/fan_made_content/84b08ede-8129-4914-b0e3-f48ec649af9f/9e15714a-d148-4644-aa51-a250ab54f381.jpg			Radioactive Decay	treachery
z-dark-matter-115	z-dark-matter-115.avif	https://assets.arkham.build/fan_made_content/84b08ede-8129-4914-b0e3-f48ec649af9f/3fe83f33-ec04-472c-a129-d5eca8e31ec1.jpg			In the Shadow of Earth	scenario
z-dark-matter-116	z-dark-matter-116.avif	https://assets.arkham.build/fan_made_content/84b08ede-8129-4914-b0e3-f48ec649af9f/cabc7633-5312-48f5-8825-d4973556e3a9.jpg			The Nostalgia II	agenda
z-dark-matter-117	z-dark-matter-117.avif	https://assets.arkham.build/fan_made_content/84b08ede-8129-4914-b0e3-f48ec649af9f/cd3b828c-0b37-43d7-8ca9-bb9e4cd9dc7a.jpg			The Thing from Earth	agenda
z-dark-matter-118	z-dark-matter-118.avif	https://assets.arkham.build/fan_made_content/84b08ede-8129-4914-b0e3-f48ec649af9f/3d08775c-947b-4e88-b6ed-782c7614dde4.jpg			Scream of the Dead	agenda
z-dark-matter-119	z-dark-matter-119.avif	https://assets.arkham.build/fan_made_content/84b08ede-8129-4914-b0e3-f48ec649af9f/ec171c3a-c645-482b-b028-743fbf6268eb.jpg			Is Anyone Home?	act
z-dark-matter-120	z-dark-matter-120.avif	https://assets.arkham.build/fan_made_content/84b08ede-8129-4914-b0e3-f48ec649af9f/632a30ab-6f90-40a2-bf97-970540f032e5.jpg			Save Our Souls	act
z-dark-matter-121	z-dark-matter-121.avif	https://assets.arkham.build/fan_made_content/84b08ede-8129-4914-b0e3-f48ec649af9f/12bec241-8f77-4598-9722-d48150ec0d69.jpg			The Shadow of Earth	act
z-dark-matter-122	z-dark-matter-122.avif	https://assets.arkham.build/fan_made_content/84b08ede-8129-4914-b0e3-f48ec649af9f/1a7e7759-2a18-4165-ad3d-763b3cd51d00.jpg			It's Weird and Pissed Off.	agenda
z-dark-matter-123	z-dark-matter-123.avif	https://assets.arkham.build/fan_made_content/84b08ede-8129-4914-b0e3-f48ec649af9f/90d73fec-747a-48a9-8f07-8a576a727c57.jpg			Space Artillery	asset
z-dark-matter-124	z-dark-matter-124.avif	https://assets.arkham.build/fan_made_content/84b08ede-8129-4914-b0e3-f48ec649af9f/306a5239-6824-4071-b2c3-b4caa0145d6d.jpg			The Entity	enemy
z-dark-matter-125	z-dark-matter-125.avif	https://assets.arkham.build/fan_made_content/84b08ede-8129-4914-b0e3-f48ec649af9f/4cad1ac3-2e39-4643-b886-39b3e173980c.jpg			Airlocks	location
z-dark-matter-126	z-dark-matter-126.avif	https://assets.arkham.build/fan_made_content/84b08ede-8129-4914-b0e3-f48ec649af9f/f1f31525-3a12-4bea-9d51-a5de6c2747b5.jpg			Crew Quarters	location
z-dark-matter-127	z-dark-matter-127.avif	https://assets.arkham.build/fan_made_content/84b08ede-8129-4914-b0e3-f48ec649af9f/fdc3fdc0-d357-4ce5-b335-ca8fab0aa3d4.jpg			Engine Room	location
z-dark-matter-128	z-dark-matter-128.avif	https://assets.arkham.build/fan_made_content/84b08ede-8129-4914-b0e3-f48ec649af9f/28e2fe5a-4568-42a7-9d38-64ae330fa3ab.jpg			Flight Deck	location
z-dark-matter-129	z-dark-matter-129.avif	https://assets.arkham.build/fan_made_content/84b08ede-8129-4914-b0e3-f48ec649af9f/623f2090-b3b8-4acd-91c0-461d1a17c1a0.jpg			Hydroponics	location
z-dark-matter-130	z-dark-matter-130.avif	https://assets.arkham.build/fan_made_content/84b08ede-8129-4914-b0e3-f48ec649af9f/39d5e1ea-414a-4ad5-a729-2e574046ac27.jpg			Infirmary	location
z-dark-matter-131	z-dark-matter-131.avif	https://assets.arkham.build/fan_made_content/84b08ede-8129-4914-b0e3-f48ec649af9f/957a0d72-8eaa-4ae7-8a8a-e9d7e85a4757.jpg			Ship Mainframe	location
z-dark-matter-132	z-dark-matter-132.avif	https://assets.arkham.build/fan_made_content/84b08ede-8129-4914-b0e3-f48ec649af9f/249603c3-b707-40b7-8eaf-1a483402de0c.jpg			Telecoms	location
z-dark-matter-133	z-dark-matter-133.avif	https://assets.arkham.build/fan_made_content/84b08ede-8129-4914-b0e3-f48ec649af9f/d40488c3-3a5f-4f44-a53f-e40faa1c5bfb.jpg	z-dark-matter-133b.avif	https://assets.arkham.build/fan_made_content/84b08ede-8129-4914-b0e3-f48ec649af9f/d40488c3-3a5f-4f44-a53f-e40faa1c5bfb_back.jpg	Adam Tanner	asset
z-dark-matter-134	z-dark-matter-134.avif	https://assets.arkham.build/fan_made_content/84b08ede-8129-4914-b0e3-f48ec649af9f/b43c48fc-4691-435b-b91e-2a1ba52d1659.jpg	z-dark-matter-134b.avif	https://assets.arkham.build/fan_made_content/84b08ede-8129-4914-b0e3-f48ec649af9f/b43c48fc-4691-435b-b91e-2a1ba52d1659_back.jpg	Captain Burr	asset
z-dark-matter-135	z-dark-matter-135.avif	https://assets.arkham.build/fan_made_content/84b08ede-8129-4914-b0e3-f48ec649af9f/b56f79ed-2f41-4b29-a2cd-0f902f9672a7.jpg	z-dark-matter-135b.avif	https://assets.arkham.build/fan_made_content/84b08ede-8129-4914-b0e3-f48ec649af9f/b56f79ed-2f41-4b29-a2cd-0f902f9672a7_back.jpg	Doctor Feng	asset
z-dark-matter-136	z-dark-matter-136.avif	https://assets.arkham.build/fan_made_content/84b08ede-8129-4914-b0e3-f48ec649af9f/3210cf57-b858-431e-82cd-4327cf80b5d0.jpg	z-dark-matter-136b.avif	https://assets.arkham.build/fan_made_content/84b08ede-8129-4914-b0e3-f48ec649af9f/3210cf57-b858-431e-82cd-4327cf80b5d0_back.jpg	Lt. "Archer" Michaels	asset
z-dark-matter-137	z-dark-matter-137.avif	https://assets.arkham.build/fan_made_content/84b08ede-8129-4914-b0e3-f48ec649af9f/045ef930-bdc6-40a9-b2f8-53cd29ba8e25.jpg	z-dark-matter-137b.avif	https://assets.arkham.build/fan_made_content/84b08ede-8129-4914-b0e3-f48ec649af9f/045ef930-bdc6-40a9-b2f8-53cd29ba8e25_back.jpg	MU-D12 "Mudbug"	asset
z-dark-matter-138	z-dark-matter-138.avif	https://assets.arkham.build/fan_made_content/84b08ede-8129-4914-b0e3-f48ec649af9f/696b34eb-b2d6-4556-8bb7-8fe5984c8dd1.jpg	z-dark-matter-138b.avif	https://assets.arkham.build/fan_made_content/84b08ede-8129-4914-b0e3-f48ec649af9f/696b34eb-b2d6-4556-8bb7-8fe5984c8dd1_back.jpg	Sophie	asset
z-dark-matter-139	z-dark-matter-139.avif	https://assets.arkham.build/fan_made_content/84b08ede-8129-4914-b0e3-f48ec649af9f/9352b366-0862-48d8-b043-392f2ed405e3.jpg	z-dark-matter-139b.avif	https://assets.arkham.build/fan_made_content/84b08ede-8129-4914-b0e3-f48ec649af9f/9352b366-0862-48d8-b043-392f2ed405e3_back.jpg	Evidence (Adam Tanner)	story
z-dark-matter-140	z-dark-matter-140.avif	https://assets.arkham.build/fan_made_content/84b08ede-8129-4914-b0e3-f48ec649af9f/6d0c6ad7-aa10-41c8-aa25-ad1b5e38e2c6.jpg	z-dark-matter-140b.avif	https://assets.arkham.build/fan_made_content/84b08ede-8129-4914-b0e3-f48ec649af9f/6d0c6ad7-aa10-41c8-aa25-ad1b5e38e2c6_back.jpg	Evidence (Captain Burr)	story
z-dark-matter-141	z-dark-matter-141.avif	https://assets.arkham.build/fan_made_content/84b08ede-8129-4914-b0e3-f48ec649af9f/486a808d-ce30-492c-8fa4-45d8cd86d4e8.jpg	z-dark-matter-141b.avif	https://assets.arkham.build/fan_made_content/84b08ede-8129-4914-b0e3-f48ec649af9f/486a808d-ce30-492c-8fa4-45d8cd86d4e8_back.jpg	Evidence (Doctor Feng)	story
z-dark-matter-142	z-dark-matter-142.avif	https://assets.arkham.build/fan_made_content/84b08ede-8129-4914-b0e3-f48ec649af9f/8ed2a42d-fa64-4627-aacf-51c3a022b002.jpg	z-dark-matter-142b.avif	https://assets.arkham.build/fan_made_content/84b08ede-8129-4914-b0e3-f48ec649af9f/8ed2a42d-fa64-4627-aacf-51c3a022b002_back.jpg	Evidence (Lt. "Archer" Michaels)	story
z-dark-matter-143	z-dark-matter-143.avif	https://assets.arkham.build/fan_made_content/84b08ede-8129-4914-b0e3-f48ec649af9f/f25ebd28-0b6a-4324-8c67-679e78e3823e.jpg	z-dark-matter-143b.avif	https://assets.arkham.build/fan_made_content/84b08ede-8129-4914-b0e3-f48ec649af9f/f25ebd28-0b6a-4324-8c67-679e78e3823e_back.jpg	Evidence (MU-D12 "Mudbug")	story
z-dark-matter-144	z-dark-matter-144.avif	https://assets.arkham.build/fan_made_content/84b08ede-8129-4914-b0e3-f48ec649af9f/322fbda3-9b76-4d33-9ac4-73f82fcecec5.jpg	z-dark-matter-144b.avif	https://assets.arkham.build/fan_made_content/84b08ede-8129-4914-b0e3-f48ec649af9f/322fbda3-9b76-4d33-9ac4-73f82fcecec5_back.jpg	Evidence (Sophie)	story
z-dark-matter-145	z-dark-matter-145.avif	https://assets.arkham.build/fan_made_content/84b08ede-8129-4914-b0e3-f48ec649af9f/7b8349bd-787e-4114-8cb4-dbf231cace84.jpg			Another's Woe	treachery
z-dark-matter-146	z-dark-matter-146.avif	https://assets.arkham.build/fan_made_content/84b08ede-8129-4914-b0e3-f48ec649af9f/cdcc3ce1-c7b3-406e-ac33-6a974c9433eb.jpg			Contamination	treachery
z-dark-matter-147	z-dark-matter-147.avif	https://assets.arkham.build/fan_made_content/84b08ede-8129-4914-b0e3-f48ec649af9f/ef11f45c-357d-4f03-8e52-6bd8ca0895a2.jpg			Corrupted Machine	enemy
z-dark-matter-148	z-dark-matter-148.avif	https://assets.arkham.build/fan_made_content/84b08ede-8129-4914-b0e3-f48ec649af9f/6d09ccc3-ec18-4dfe-ae95-cc14d857c993.jpg			From the Dark	treachery
z-dark-matter-149	z-dark-matter-149.avif	https://assets.arkham.build/fan_made_content/84b08ede-8129-4914-b0e3-f48ec649af9f/0c24cfbc-535c-40b2-8900-519b1bf0d205.jpg			Hopeless	treachery
z-dark-matter-150	z-dark-matter-150.avif	https://assets.arkham.build/fan_made_content/84b08ede-8129-4914-b0e3-f48ec649af9f/24161376-a087-4d74-8cf6-a5885624348d.jpg			Infection	treachery
z-dark-matter-151	z-dark-matter-151.avif	https://assets.arkham.build/fan_made_content/84b08ede-8129-4914-b0e3-f48ec649af9f/6ca4c5b5-6653-4e3a-a8c1-94a9a6c67ef7.jpg			Mimic	enemy
z-dark-matter-152	z-dark-matter-152.avif	https://assets.arkham.build/fan_made_content/84b08ede-8129-4914-b0e3-f48ec649af9f/9cbe28df-47d7-4d1d-abb4-c2314f944257.jpg			Pale Blue Dot	treachery
z-dark-matter-153	z-dark-matter-153.avif	https://assets.arkham.build/fan_made_content/84b08ede-8129-4914-b0e3-f48ec649af9f/c70fe7aa-8490-4788-8b86-9ed37339cac2.jpg			Perfect Imitation	treachery
z-dark-matter-154	z-dark-matter-154.avif	https://assets.arkham.build/fan_made_content/84b08ede-8129-4914-b0e3-f48ec649af9f/0f7a6e29-15e4-49ce-8b6c-267a1660a435.jpg			Rats?	enemy
z-dark-matter-155	z-dark-matter-155.avif	https://assets.arkham.build/fan_made_content/84b08ede-8129-4914-b0e3-f48ec649af9f/f10b029d-9923-402a-a310-d1142c4a8b12.jpg			Scrambled	treachery
z-dark-matter-156	z-dark-matter-156.avif	https://assets.arkham.build/fan_made_content/84b08ede-8129-4914-b0e3-f48ec649af9f/90726ff6-9a02-4be3-895f-75fa5bfd8357.jpg			Strange Moons	scenario
z-dark-matter-157	z-dark-matter-157.avif	https://assets.arkham.build/fan_made_content/84b08ede-8129-4914-b0e3-f48ec649af9f/ac2eeb87-ce64-4a62-bd8e-d2b543caa01a.jpg			Moons of Saturn	agenda
z-dark-matter-158	z-dark-matter-158.avif	https://assets.arkham.build/fan_made_content/84b08ede-8129-4914-b0e3-f48ec649af9f/b1db3ade-4ed7-4874-8d7e-ee4aacb5b3d8.jpg			Signs from Aldebaran	agenda
z-dark-matter-159	z-dark-matter-159.avif	https://assets.arkham.build/fan_made_content/84b08ede-8129-4914-b0e3-f48ec649af9f/01bb891d-34d7-49e8-99de-d5e024ed7283.jpg			Flight of the Byakhees	agenda
z-dark-matter-160	z-dark-matter-160.avif	https://assets.arkham.build/fan_made_content/84b08ede-8129-4914-b0e3-f48ec649af9f/cb0ff889-12c3-41b9-a786-d1fc39d667fd.jpg			Against the Sun	agenda
z-dark-matter-161	z-dark-matter-161.avif	https://assets.arkham.build/fan_made_content/84b08ede-8129-4914-b0e3-f48ec649af9f/c39b1232-55fb-44de-90cd-ed6737894e3e.jpg			First Encounter	act
z-dark-matter-162	z-dark-matter-162.avif	https://assets.arkham.build/fan_made_content/84b08ede-8129-4914-b0e3-f48ec649af9f/93b6232f-fdd9-45b7-ba6b-ca02bff82f50.jpg			Secrets of the Mind	act
z-dark-matter-163	z-dark-matter-163.avif	https://assets.arkham.build/fan_made_content/84b08ede-8129-4914-b0e3-f48ec649af9f/b924b80d-00b4-4978-802b-6565483e2895.jpg			Brain Cylinder 089	asset
z-dark-matter-164	z-dark-matter-164.avif	https://assets.arkham.build/fan_made_content/84b08ede-8129-4914-b0e3-f48ec649af9f/5f7e55ae-5983-45db-94ac-9f435c35880f.jpg			Brain Cylinder 114	asset
z-dark-matter-165	z-dark-matter-165.avif	https://assets.arkham.build/fan_made_content/84b08ede-8129-4914-b0e3-f48ec649af9f/f424d654-ee02-49c2-99b0-67c895b507c5.jpg			Brain Cylinder 367	asset
z-dark-matter-166	z-dark-matter-166.avif	https://assets.arkham.build/fan_made_content/84b08ede-8129-4914-b0e3-f48ec649af9f/10394c7e-6318-4c7f-80d3-321c2918912c.jpg			The Greys	enemy
z-dark-matter-167	z-dark-matter-167.avif	https://assets.arkham.build/fan_made_content/84b08ede-8129-4914-b0e3-f48ec649af9f/16748f43-e717-43ae-970c-d3e10baa582a.jpg			Brain Storage	location
z-dark-matter-168	z-dark-matter-168.avif	https://assets.arkham.build/fan_made_content/84b08ede-8129-4914-b0e3-f48ec649af9f/ad62fe1c-0afc-43ee-94ff-9e5ff0f7f419.jpg			Communicator	location
z-dark-matter-169	z-dark-matter-169.avif	https://assets.arkham.build/fan_made_content/84b08ede-8129-4914-b0e3-f48ec649af9f/a4978ad4-7d96-489e-b2b6-e22a9f5e13e2.jpg			Dream Diagnostics	location
z-dark-matter-170	z-dark-matter-170.avif	https://assets.arkham.build/fan_made_content/84b08ede-8129-4914-b0e3-f48ec649af9f/14f666dd-2842-404c-a87e-abbbdfe73cbd.jpg			Entrance Tunnel	location
z-dark-matter-171	z-dark-matter-171.avif	https://assets.arkham.build/fan_made_content/84b08ede-8129-4914-b0e3-f48ec649af9f/a3bdab97-004c-44ac-b1b5-a88b65be909a.jpg			Memory Scanner	location
z-dark-matter-172	z-dark-matter-172.avif	https://assets.arkham.build/fan_made_content/84b08ede-8129-4914-b0e3-f48ec649af9f/45d9c5b3-2e0e-4a88-a28b-344f2bf64442.jpg			Reality Simulator	location
z-dark-matter-173	z-dark-matter-173.avif	https://assets.arkham.build/fan_made_content/84b08ede-8129-4914-b0e3-f48ec649af9f/9b5664da-4cc3-410f-b806-f2a458f2cd62.jpg	z-dark-matter-173b.avif	https://assets.arkham.build/fan_made_content/84b08ede-8129-4914-b0e3-f48ec649af9f/9b5664da-4cc3-410f-b806-f2a458f2cd62_back.jpg	A Hiding Place	location
z-dark-matter-174	z-dark-matter-174.avif	https://assets.arkham.build/fan_made_content/84b08ede-8129-4914-b0e3-f48ec649af9f/1427865f-13b7-4ec7-8811-93d476ac7b7b.jpg	z-dark-matter-174b.avif	https://assets.arkham.build/fan_made_content/84b08ede-8129-4914-b0e3-f48ec649af9f/1427865f-13b7-4ec7-8811-93d476ac7b7b_back.jpg	A Mutiny	location
z-dark-matter-175	z-dark-matter-175.avif	https://assets.arkham.build/fan_made_content/84b08ede-8129-4914-b0e3-f48ec649af9f/64936fc4-c644-4f4e-8af3-f6bc3fc8f213.jpg	z-dark-matter-175b.avif	https://assets.arkham.build/fan_made_content/84b08ede-8129-4914-b0e3-f48ec649af9f/64936fc4-c644-4f4e-8af3-f6bc3fc8f213_back.jpg	Adrift in Space	location
z-dark-matter-176	z-dark-matter-176.avif	https://assets.arkham.build/fan_made_content/84b08ede-8129-4914-b0e3-f48ec649af9f/fd137331-404b-4f9a-a8d3-64b38e70cebb.jpg	z-dark-matter-176b.avif	https://assets.arkham.build/fan_made_content/84b08ede-8129-4914-b0e3-f48ec649af9f/fd137331-404b-4f9a-a8d3-64b38e70cebb_back.jpg	An Accident	location
z-dark-matter-177	z-dark-matter-177.avif	https://assets.arkham.build/fan_made_content/84b08ede-8129-4914-b0e3-f48ec649af9f/b07b6acf-7762-457e-96da-6a3e9c2be7b7.jpg	z-dark-matter-177b.avif	https://assets.arkham.build/fan_made_content/84b08ede-8129-4914-b0e3-f48ec649af9f/b07b6acf-7762-457e-96da-6a3e9c2be7b7_back.jpg	City of Cats	location
z-dark-matter-178	z-dark-matter-178.avif	https://assets.arkham.build/fan_made_content/84b08ede-8129-4914-b0e3-f48ec649af9f/7f1c2df9-6c0b-48e9-86ae-cdea8f2f3dca.jpg	z-dark-matter-178b.avif	https://assets.arkham.build/fan_made_content/84b08ede-8129-4914-b0e3-f48ec649af9f/7f1c2df9-6c0b-48e9-86ae-cdea8f2f3dca_back.jpg	Fever Dream	location
z-dark-matter-179	z-dark-matter-179.avif	https://assets.arkham.build/fan_made_content/84b08ede-8129-4914-b0e3-f48ec649af9f/7345f12b-9b9b-4c9e-8cae-bc33282ca5f1.jpg	z-dark-matter-179b.avif	https://assets.arkham.build/fan_made_content/84b08ede-8129-4914-b0e3-f48ec649af9f/7345f12b-9b9b-4c9e-8cae-bc33282ca5f1_back.jpg	The Cultist	story
z-dark-matter-180	z-dark-matter-180.avif	https://assets.arkham.build/fan_made_content/84b08ede-8129-4914-b0e3-f48ec649af9f/483b591b-84a8-4f4d-a459-459dedbbfb6a.jpg	z-dark-matter-180b.avif	https://assets.arkham.build/fan_made_content/84b08ede-8129-4914-b0e3-f48ec649af9f/483b591b-84a8-4f4d-a459-459dedbbfb6a_back.jpg	The Miner	story
z-dark-matter-181	z-dark-matter-181.avif	https://assets.arkham.build/fan_made_content/84b08ede-8129-4914-b0e3-f48ec649af9f/d120e254-8da1-446e-971d-adeaa89852e2.jpg	z-dark-matter-181b.avif	https://assets.arkham.build/fan_made_content/84b08ede-8129-4914-b0e3-f48ec649af9f/d120e254-8da1-446e-971d-adeaa89852e2_back.jpg	The Teacher	story
z-dark-matter-182	z-dark-matter-182.avif	https://assets.arkham.build/fan_made_content/84b08ede-8129-4914-b0e3-f48ec649af9f/e0fb6856-6ccf-4032-bab1-8aa3d6ca4b19.jpg			Alien Aid	treachery
z-dark-matter-183	z-dark-matter-183.avif	https://assets.arkham.build/fan_made_content/84b08ede-8129-4914-b0e3-f48ec649af9f/4c79239f-a65d-4058-aecd-11dc02657bae.jpg			Close Encounters	treachery
z-dark-matter-184	z-dark-matter-184.avif	https://assets.arkham.build/fan_made_content/84b08ede-8129-4914-b0e3-f48ec649af9f/a46475c7-a563-4329-85f0-d971dafdc02f.jpg			Innocent Mishap	treachery
z-dark-matter-185	z-dark-matter-185.avif	https://assets.arkham.build/fan_made_content/84b08ede-8129-4914-b0e3-f48ec649af9f/2e7e4412-4fee-4815-ad00-09c8b4eae3b4.jpg			Lost in Translation	treachery
z-dark-matter-186	z-dark-matter-186.avif	https://assets.arkham.build/fan_made_content/84b08ede-8129-4914-b0e3-f48ec649af9f/d54bb61e-4f38-434b-b288-3471be8403f5.jpg			Mi-Go Experiments	treachery
z-dark-matter-187	z-dark-matter-187.avif	https://assets.arkham.build/fan_made_content/84b08ede-8129-4914-b0e3-f48ec649af9f/c6bd0367-6c8b-4f14-9138-f602c120ac5a.jpg			Parasite	enemy
z-dark-matter-188	z-dark-matter-188.avif	https://assets.arkham.build/fan_made_content/84b08ede-8129-4914-b0e3-f48ec649af9f/64d61202-8bd2-49f9-8d5e-9dfb77773914.jpg			Simulation Discrepancy	treachery
z-dark-matter-189	z-dark-matter-189.avif	https://assets.arkham.build/fan_made_content/84b08ede-8129-4914-b0e3-f48ec649af9f/53feda5f-b586-4529-888f-ec9c29244b46.jpg			Toxic Pits	treachery
z-dark-matter-190	z-dark-matter-190.avif	https://assets.arkham.build/fan_made_content/84b08ede-8129-4914-b0e3-f48ec649af9f/510c3da9-dcec-4de7-a8a1-fc5b30815ef8.jpg			Extraterrestrial Assault	treachery
z-dark-matter-191	z-dark-matter-191.avif	https://assets.arkham.build/fan_made_content/84b08ede-8129-4914-b0e3-f48ec649af9f/34be8e2a-2eea-48f0-8858-b84f32774497.jpg			Stalking Byakhee	enemy
z-dark-matter-192	z-dark-matter-192.avif	https://assets.arkham.build/fan_made_content/84b08ede-8129-4914-b0e3-f48ec649af9f/b66b3ae5-97d8-4938-830e-ea421a28dc34.jpg			Vicious Byakhee	enemy
z-dark-matter-193	z-dark-matter-193.avif	https://assets.arkham.build/fan_made_content/84b08ede-8129-4914-b0e3-f48ec649af9f/58b2f89d-6c10-4119-85e7-06871b74d3ef.jpg			The Machine in Yellow	scenario
z-dark-matter-194	z-dark-matter-194.avif	https://assets.arkham.build/fan_made_content/84b08ede-8129-4914-b0e3-f48ec649af9f/00b2bb4d-8118-4a89-b7fa-0419db4e8056.jpg			The Third Act	agenda
z-dark-matter-195	z-dark-matter-195.avif	https://assets.arkham.build/fan_made_content/84b08ede-8129-4914-b0e3-f48ec649af9f/91574224-e283-420d-b4f8-8415c83f4392.jpg			A Nightmare	agenda
z-dark-matter-196	z-dark-matter-196.avif	https://assets.arkham.build/fan_made_content/84b08ede-8129-4914-b0e3-f48ec649af9f/93fa93d3-78ce-4f05-9cc1-d16026fdd89e.jpg			Out of Mind	agenda
z-dark-matter-197	z-dark-matter-197.avif	https://assets.arkham.build/fan_made_content/84b08ede-8129-4914-b0e3-f48ec649af9f/f53ff52d-74d8-4554-a51d-4664247a063a.jpg			Awakening?	act
z-dark-matter-198	z-dark-matter-198.avif	https://assets.arkham.build/fan_made_content/84b08ede-8129-4914-b0e3-f48ec649af9f/9185eb4e-94d7-43e4-8ff2-2a127f92a3a0.jpg			The Man in the Pallid Mask	act
z-dark-matter-199	z-dark-matter-199.avif	https://assets.arkham.build/fan_made_content/84b08ede-8129-4914-b0e3-f48ec649af9f/5494fbdc-e80c-40bc-a1c9-a8fcacf9fe9a.jpg			Unmasked	act
z-dark-matter-200	z-dark-matter-200.avif	https://assets.arkham.build/fan_made_content/84b08ede-8129-4914-b0e3-f48ec649af9f/4c6bf2af-003a-4874-9cd4-f4cb5b82ef37.jpg			Your Other Self	enemy
z-dark-matter-201	z-dark-matter-201.avif	https://assets.arkham.build/fan_made_content/84b08ede-8129-4914-b0e3-f48ec649af9f/d6cdbfd8-a415-4702-a1f9-ae3d00096439.jpg			Daemon of Nis	enemy
z-dark-matter-202	z-dark-matter-202.avif	https://assets.arkham.build/fan_made_content/84b08ede-8129-4914-b0e3-f48ec649af9f/1b7e8817-6d84-447b-9fed-e7e0b5a5dc19.jpg			Dark Reflections (Malingerer)	treachery
z-dark-matter-203	z-dark-matter-203.avif	https://assets.arkham.build/fan_made_content/84b08ede-8129-4914-b0e3-f48ec649af9f/0d9fe071-e5ca-404d-8748-72ce40dafa6d.jpg			Dark Reflections (Murderer)	treachery
z-dark-matter-204	z-dark-matter-204.avif	https://assets.arkham.build/fan_made_content/84b08ede-8129-4914-b0e3-f48ec649af9f/d1837987-0bf5-4b3b-b9e1-cac798a476c9.jpg			Dark Reflections (Sycophant)	treachery
z-dark-matter-205	z-dark-matter-205.avif	https://assets.arkham.build/fan_made_content/84b08ede-8129-4914-b0e3-f48ec649af9f/b7aad45e-46a5-450a-a0c0-e3db06d91bb2.jpg			Dark Reflections (Zealot)	treachery
z-dark-matter-206	z-dark-matter-206.avif	https://assets.arkham.build/fan_made_content/84b08ede-8129-4914-b0e3-f48ec649af9f/7940d9b8-5d19-48ff-a9b6-64fe3226e18f.jpg			Delusional Madness	treachery
z-dark-matter-207	z-dark-matter-207.avif	https://assets.arkham.build/fan_made_content/84b08ede-8129-4914-b0e3-f48ec649af9f/bfe158a8-6170-42bb-a569-167b798ae636.jpg			Fathomless Regrets	treachery
z-dark-matter-208	z-dark-matter-208.avif	https://assets.arkham.build/fan_made_content/84b08ede-8129-4914-b0e3-f48ec649af9f/44b4af66-7968-4c2f-8785-3dd33cfadf99.jpg			Forbidding Promises	treachery
z-dark-matter-209	z-dark-matter-209.avif	https://assets.arkham.build/fan_made_content/84b08ede-8129-4914-b0e3-f48ec649af9f/5ea7e442-ec4a-4e79-a058-5e4b31a35d7c.jpg			Persistence of Memory	treachery
z-dark-matter-210	z-dark-matter-210.avif	https://assets.arkham.build/fan_made_content/84b08ede-8129-4914-b0e3-f48ec649af9f/eb2c5619-1424-4900-9971-6320e8258b4e.jpg			Perspective Switch	treachery
z-dark-matter-211	z-dark-matter-211.avif	https://assets.arkham.build/fan_made_content/84b08ede-8129-4914-b0e3-f48ec649af9f/713663c6-c239-4dfb-8a90-201c0e4c30d1.jpg			Spirit of Than	enemy
z-dark-matter-212	z-dark-matter-212.avif	https://assets.arkham.build/fan_made_content/84b08ede-8129-4914-b0e3-f48ec649af9f/df5feb1d-6847-4fa8-8579-797afe488387.jpg			Fragment of Carcosa	scenario
z-dark-matter-213	z-dark-matter-213.avif	https://assets.arkham.build/fan_made_content/84b08ede-8129-4914-b0e3-f48ec649af9f/6827363b-4e36-48b6-94e7-73b91cc911d1.jpg			The Shadows Lengthen	agenda
z-dark-matter-214	z-dark-matter-214.avif	https://assets.arkham.build/fan_made_content/84b08ede-8129-4914-b0e3-f48ec649af9f/1cf2794b-3a78-4b5b-a2ae-70c83e182aac.jpg			Shall Dry and Die	agenda
z-dark-matter-215	z-dark-matter-215.avif	https://assets.arkham.build/fan_made_content/84b08ede-8129-4914-b0e3-f48ec649af9f/4c72f7c3-940a-4797-9251-e80fbd717a4a.jpg			In Lost Carcosa	act
z-dark-matter-216	z-dark-matter-216.avif	https://assets.arkham.build/fan_made_content/84b08ede-8129-4914-b0e3-f48ec649af9f/3ca6aa0c-028b-49e5-b86b-1afbb4b69796.jpg			The Heir to Carcosa	act
z-dark-matter-217	z-dark-matter-217.avif	https://assets.arkham.build/fan_made_content/84b08ede-8129-4914-b0e3-f48ec649af9f/a48d349c-3011-4ee7-a5a2-a375bb14b05e.jpg			The Unspeakable Truth	act
z-dark-matter-218	z-dark-matter-218.avif	https://assets.arkham.build/fan_made_content/84b08ede-8129-4914-b0e3-f48ec649af9f/8166b6aa-d8a2-4d27-9425-56a1d5cec220.jpg			Bottle of Whispers	asset
z-dark-matter-219	z-dark-matter-219.avif	https://assets.arkham.build/fan_made_content/84b08ede-8129-4914-b0e3-f48ec649af9f/1525f9db-5a18-4c48-b7ac-5ca5e6524296.jpg			Abandoned Lander	location
z-dark-matter-220	z-dark-matter-220.avif	https://assets.arkham.build/fan_made_content/84b08ede-8129-4914-b0e3-f48ec649af9f/065cc1cb-4b90-4281-9707-1aea27731e62.jpg			Surface of Fragment	location
z-dark-matter-221	z-dark-matter-221.avif	https://assets.arkham.build/fan_made_content/84b08ede-8129-4914-b0e3-f48ec649af9f/db0936c0-8be3-44f9-8f58-9d08f4f2133c.jpg			Bottomless Pit	location
z-dark-matter-222	z-dark-matter-222.avif	https://assets.arkham.build/fan_made_content/84b08ede-8129-4914-b0e3-f48ec649af9f/18fcc65a-c9e2-4d36-a374-b95ade3566a1.jpg			Cyclopean Caverns	location
z-dark-matter-223	z-dark-matter-223.avif	https://assets.arkham.build/fan_made_content/84b08ede-8129-4914-b0e3-f48ec649af9f/e1b6fb4a-53c0-4dd6-8ea2-dc2048051683.jpg			Hidden Passage	location
z-dark-matter-224	z-dark-matter-224.avif	https://assets.arkham.build/fan_made_content/84b08ede-8129-4914-b0e3-f48ec649af9f/a0d7fae8-6402-449b-a190-4d0450abab40.jpg			Ice Cavity	location
z-dark-matter-225	z-dark-matter-225.avif	https://assets.arkham.build/fan_made_content/84b08ede-8129-4914-b0e3-f48ec649af9f/999362e3-3b13-42a4-ab93-d4ea3d961311.jpg			Impassable Ravine	location
z-dark-matter-226	z-dark-matter-226.avif	https://assets.arkham.build/fan_made_content/84b08ede-8129-4914-b0e3-f48ec649af9f/92e6113f-00fd-43fe-a6f8-84d3c287a215.jpg			Stalagmite Forest	location
z-dark-matter-227	z-dark-matter-227.avif	https://assets.arkham.build/fan_made_content/84b08ede-8129-4914-b0e3-f48ec649af9f/dff85ebc-51eb-4027-840e-cbde6b518673.jpg	z-dark-matter-227b.avif	https://assets.arkham.build/fan_made_content/84b08ede-8129-4914-b0e3-f48ec649af9f/dff85ebc-51eb-4027-840e-cbde6b518673_back.jpg	Arrival of the King	story
z-dark-matter-228	z-dark-matter-228.avif	https://assets.arkham.build/fan_made_content/84b08ede-8129-4914-b0e3-f48ec649af9f/01f245c5-1e7f-4ada-83e7-223caa9ebd08.jpg	z-dark-matter-228b.avif	https://assets.arkham.build/fan_made_content/84b08ede-8129-4914-b0e3-f48ec649af9f/01f245c5-1e7f-4ada-83e7-223caa9ebd08_back.jpg	Delights	story
z-dark-matter-229	z-dark-matter-229.avif	https://assets.arkham.build/fan_made_content/84b08ede-8129-4914-b0e3-f48ec649af9f/e3003c6e-ed49-4c60-9d2e-23a094031187.jpg	z-dark-matter-229b.avif	https://assets.arkham.build/fan_made_content/84b08ede-8129-4914-b0e3-f48ec649af9f/e3003c6e-ed49-4c60-9d2e-23a094031187_back.jpg	For You Alone	story
z-dark-matter-230	z-dark-matter-230.avif	https://assets.arkham.build/fan_made_content/84b08ede-8129-4914-b0e3-f48ec649af9f/ec5f6179-f9df-4d48-a75a-8e409721f1d2.jpg	z-dark-matter-230b.avif	https://assets.arkham.build/fan_made_content/84b08ede-8129-4914-b0e3-f48ec649af9f/ec5f6179-f9df-4d48-a75a-8e409721f1d2_back.jpg	Lost Expedition	story
z-dark-matter-231	z-dark-matter-231.avif	https://assets.arkham.build/fan_made_content/84b08ede-8129-4914-b0e3-f48ec649af9f/1047804a-ed12-4327-a007-ea0cb2d13f36.jpg			Broken Reality	treachery
z-dark-matter-232	z-dark-matter-232.avif	https://assets.arkham.build/fan_made_content/84b08ede-8129-4914-b0e3-f48ec649af9f/81415300-1536-4281-8271-00b7d1375ec7.jpg			Cave Collapse	treachery
z-dark-matter-233	z-dark-matter-233.avif	https://assets.arkham.build/fan_made_content/84b08ede-8129-4914-b0e3-f48ec649af9f/232c3f9e-284d-421d-a0de-c48805eeedc3.jpg			Cave Dweller	enemy
z-dark-matter-234	z-dark-matter-234.avif	https://assets.arkham.build/fan_made_content/84b08ede-8129-4914-b0e3-f48ec649af9f/768b569e-4c6b-42f7-ae0f-db170222d03b.jpg			Chosen by Him	treachery
z-dark-matter-235	z-dark-matter-235.avif	https://assets.arkham.build/fan_made_content/84b08ede-8129-4914-b0e3-f48ec649af9f/aeb30414-b05f-4257-8689-85ced9dfb6fe.jpg			Echoes of Tassilda (Matter)	treachery
z-dark-matter-236	z-dark-matter-236.avif	https://assets.arkham.build/fan_made_content/84b08ede-8129-4914-b0e3-f48ec649af9f/14312a6a-5e05-4723-9d75-b4a833ded48f.jpg			Echoes of Tassilda (Mind)	treachery
z-dark-matter-237	z-dark-matter-237.avif	https://assets.arkham.build/fan_made_content/84b08ede-8129-4914-b0e3-f48ec649af9f/071695c0-bd86-452f-9705-fbb76afb6460.jpg			Hastur's Domain	treachery
z-dark-matter-238	z-dark-matter-238.avif	https://assets.arkham.build/fan_made_content/84b08ede-8129-4914-b0e3-f48ec649af9f/9f2c5704-5795-431c-a986-9347514f0ad6.jpg			Irresistible Truths	treachery
z-dark-matter-239	z-dark-matter-239.avif	https://assets.arkham.build/fan_made_content/84b08ede-8129-4914-b0e3-f48ec649af9f/6d4f05fd-3698-4ca8-89af-61294bae919a.jpg			Madness of Carcosa	treachery
z-dark-matter-240	z-dark-matter-240.avif	https://assets.arkham.build/fan_made_content/84b08ede-8129-4914-b0e3-f48ec649af9f/267eb9ca-f764-4b8f-af9a-9e3fe6700c6d.jpg			Scene Shifting	treachery
z-dark-matter-241	z-dark-matter-241.avif	https://assets.arkham.build/fan_made_content/84b08ede-8129-4914-b0e3-f48ec649af9f/1466b043-61a7-478a-af0f-556fcf3600b6.jpg			Song of Your Soul	treachery
z-dark-matter-242	z-dark-matter-242.avif	https://assets.arkham.build/fan_made_content/84b08ede-8129-4914-b0e3-f48ec649af9f/3a0e62fe-0fbc-4d05-962c-2b5c2dbe23e0.jpg			Sophistic Spires	enemy
z-dark-matter-243	z-dark-matter-243.avif	https://assets.arkham.build/fan_made_content/84b08ede-8129-4914-b0e3-f48ec649af9f/85f12c8a-af7f-49ff-91f6-faad6e6a986c.jpg			Tattered Curtains	enemy
z-dark-matter-244	z-dark-matter-244.avif	https://assets.arkham.build/fan_made_content/84b08ede-8129-4914-b0e3-f48ec649af9f/b7a788cf-cb67-409f-a47c-209f2b9e742f.jpg			Unstable Dimension	treachery
z-dark-matter-245	z-dark-matter-245.avif	https://assets.arkham.build/fan_made_content/84b08ede-8129-4914-b0e3-f48ec649af9f/4444363c-448f-498c-988f-4c29722688e4.jpg			Yellow Mists	enemy
z-dark-matter-246	z-dark-matter-246.avif	https://assets.arkham.build/fan_made_content/84b08ede-8129-4914-b0e3-f48ec649af9f/3c854773-cb50-40e8-af81-459f012672ff.jpg			Starfall	scenario
z-dark-matter-247	z-dark-matter-247.avif	https://assets.arkham.build/fan_made_content/84b08ede-8129-4914-b0e3-f48ec649af9f/0836978f-7d8f-473f-9304-004a632ba6c6.jpg			Journey Across Space	agenda
z-dark-matter-248	z-dark-matter-248.avif	https://assets.arkham.build/fan_made_content/84b08ede-8129-4914-b0e3-f48ec649af9f/addf00cf-f409-4635-a55e-849821ee9fd1.jpg			Red Sun	agenda
z-dark-matter-249	z-dark-matter-249.avif	https://assets.arkham.build/fan_made_content/84b08ede-8129-4914-b0e3-f48ec649af9f/585f3a30-560c-41c3-bd91-61c9279956a0.jpg			Supernova	agenda
z-dark-matter-250	z-dark-matter-250.avif	https://assets.arkham.build/fan_made_content/84b08ede-8129-4914-b0e3-f48ec649af9f/2940fde0-9c7f-496b-b97b-808a07e33123.jpg			Dark Matter	agenda
z-dark-matter-251	z-dark-matter-251.avif	https://assets.arkham.build/fan_made_content/84b08ede-8129-4914-b0e3-f48ec649af9f/4f2c567e-c631-4e91-ab7c-9f240984bee5.jpg			End Times	act
z-dark-matter-252	z-dark-matter-252.avif	https://assets.arkham.build/fan_made_content/84b08ede-8129-4914-b0e3-f48ec649af9f/285365f5-dc2d-421e-abd7-d575184a9a03.jpg			Tassilda's Awakening	act
z-dark-matter-253	z-dark-matter-253.avif	https://assets.arkham.build/fan_made_content/84b08ede-8129-4914-b0e3-f48ec649af9f/533eefb3-2098-4cc2-a98c-4b9183ba81e4.jpg			The Tatterdemalion	location
z-dark-matter-254	z-dark-matter-254.avif	https://assets.arkham.build/fan_made_content/84b08ede-8129-4914-b0e3-f48ec649af9f/4d3bc095-eabe-4577-bf82-23034a8bc641.jpg			New Brooklyn	location
z-dark-matter-255	z-dark-matter-255.avif	https://assets.arkham.build/fan_made_content/84b08ede-8129-4914-b0e3-f48ec649af9f/4985bec1-5032-4731-b55b-6a08174ed407.jpg			Hope	location
z-dark-matter-256	z-dark-matter-256.avif	https://assets.arkham.build/fan_made_content/84b08ede-8129-4914-b0e3-f48ec649af9f/3234eba0-46a2-4ff1-ac71-9cdd40ccdd7d.jpg			Yuggoth	location
z-dark-matter-257	z-dark-matter-257.avif	https://assets.arkham.build/fan_made_content/84b08ede-8129-4914-b0e3-f48ec649af9f/1b93122a-1730-4f59-b2b8-81cd7ac55d86.jpg			Tassilda	enemy
z-dark-matter-258	z-dark-matter-258.avif	https://assets.arkham.build/fan_made_content/84b08ede-8129-4914-b0e3-f48ec649af9f/d6a3bd75-54ed-41aa-bddb-87182374f603.jpg			The Cassilda	location
z-dark-matter-259	z-dark-matter-259.avif	https://assets.arkham.build/fan_made_content/84b08ede-8129-4914-b0e3-f48ec649af9f/397027a9-2ff7-4caf-931e-b90ddd97350b.jpg			Yithian Guard	enemy
z-dark-matter-260	z-dark-matter-260.avif	https://assets.arkham.build/fan_made_content/84b08ede-8129-4914-b0e3-f48ec649af9f/937bfabe-5fae-4d43-b7a2-8aac8a960301.jpg			Mi-Go Sentinel	enemy
z-dark-matter-261	z-dark-matter-261.avif	https://assets.arkham.build/fan_made_content/84b08ede-8129-4914-b0e3-f48ec649af9f/3f11932a-fe0c-4099-ac12-185ef2fb096f.jpg			Domaag T’eel	enemy
z-dark-matter-262	z-dark-matter-262.avif	https://assets.arkham.build/fan_made_content/84b08ede-8129-4914-b0e3-f48ec649af9f/d29a066a-3564-4ede-a33b-584a5add5b80.jpg	z-dark-matter-262b.avif	https://assets.arkham.build/fan_made_content/84b08ede-8129-4914-b0e3-f48ec649af9f/d29a066a-3564-4ede-a33b-584a5add5b80_back.jpg	Earth	location
z-dark-matter-263	z-dark-matter-263.avif	https://assets.arkham.build/fan_made_content/84b08ede-8129-4914-b0e3-f48ec649af9f/9f3e4397-739b-4fad-974d-47c05a23e831.jpg	z-dark-matter-263b.avif	https://assets.arkham.build/fan_made_content/84b08ede-8129-4914-b0e3-f48ec649af9f/9f3e4397-739b-4fad-974d-47c05a23e831_back.jpg	Mount Sinai	location
z-dark-matter-264	z-dark-matter-264.avif	https://assets.arkham.build/fan_made_content/84b08ede-8129-4914-b0e3-f48ec649af9f/d6614795-0cac-434b-936a-e41fb0ad9181.jpg	z-dark-matter-264b.avif	https://assets.arkham.build/fan_made_content/84b08ede-8129-4914-b0e3-f48ec649af9f/d6614795-0cac-434b-936a-e41fb0ad9181_back.jpg	Derelict Ship	location
z-dark-matter-265	z-dark-matter-265.avif	https://assets.arkham.build/fan_made_content/84b08ede-8129-4914-b0e3-f48ec649af9f/71d0e386-6a17-4a13-9afd-1df16e493ec3.jpg	z-dark-matter-265b.avif	https://assets.arkham.build/fan_made_content/84b08ede-8129-4914-b0e3-f48ec649af9f/71d0e386-6a17-4a13-9afd-1df16e493ec3_back.jpg	Martian Ruins	location
z-dark-matter-266	z-dark-matter-266.avif	https://assets.arkham.build/fan_made_content/84b08ede-8129-4914-b0e3-f48ec649af9f/610801c6-7075-410c-a18c-28c287c94926.jpg	z-dark-matter-266b.avif	https://assets.arkham.build/fan_made_content/84b08ede-8129-4914-b0e3-f48ec649af9f/610801c6-7075-410c-a18c-28c287c94926_back.jpg	Olympus Telescope	location
z-dark-matter-267	z-dark-matter-267.avif	https://assets.arkham.build/fan_made_content/84b08ede-8129-4914-b0e3-f48ec649af9f/7cc8c63e-cef0-4a24-bae0-7864eaa91700.jpg	z-dark-matter-267b.avif	https://assets.arkham.build/fan_made_content/84b08ede-8129-4914-b0e3-f48ec649af9f/7cc8c63e-cef0-4a24-bae0-7864eaa91700_back.jpg	Moonbase Laboratory	location
z-dark-matter-268	z-dark-matter-268.avif	https://assets.arkham.build/fan_made_content/84b08ede-8129-4914-b0e3-f48ec649af9f/3018031a-384b-46f5-952f-46d56e42138e.jpg	z-dark-matter-268b.avif	https://assets.arkham.build/fan_made_content/84b08ede-8129-4914-b0e3-f48ec649af9f/3018031a-384b-46f5-952f-46d56e42138e_back.jpg	Threshold of Yuggoth	location
z-dark-matter-269	z-dark-matter-269.avif	https://assets.arkham.build/fan_made_content/84b08ede-8129-4914-b0e3-f48ec649af9f/4042d058-68ee-4691-b022-1da23146bcc3.jpg	z-dark-matter-269b.avif	https://assets.arkham.build/fan_made_content/84b08ede-8129-4914-b0e3-f48ec649af9f/4042d058-68ee-4691-b022-1da23146bcc3_back.jpg	Ritual of the Sun	story
z-dark-matter-270	z-dark-matter-270.avif	https://assets.arkham.build/fan_made_content/84b08ede-8129-4914-b0e3-f48ec649af9f/c6db1a4d-d3e6-49eb-ad2b-67f62d0822d1.jpg	z-dark-matter-270b.avif	https://assets.arkham.build/fan_made_content/84b08ede-8129-4914-b0e3-f48ec649af9f/c6db1a4d-d3e6-49eb-ad2b-67f62d0822d1_back.jpg	Project Origami	asset
z-dark-matter-271	z-dark-matter-271.avif	https://assets.arkham.build/fan_made_content/84b08ede-8129-4914-b0e3-f48ec649af9f/ac3b817a-244f-4d4f-a034-63000f49eb87.jpg	z-dark-matter-271b.avif	https://assets.arkham.build/fan_made_content/84b08ede-8129-4914-b0e3-f48ec649af9f/ac3b817a-244f-4d4f-a034-63000f49eb87_back.jpg	Last Hope	asset
z-dark-matter-272	z-dark-matter-272.avif	https://assets.arkham.build/fan_made_content/84b08ede-8129-4914-b0e3-f48ec649af9f/9c929881-31fc-4311-bdb3-a9db97e3476d.jpg	z-dark-matter-272b.avif	https://assets.arkham.build/fan_made_content/84b08ede-8129-4914-b0e3-f48ec649af9f/9c929881-31fc-4311-bdb3-a9db97e3476d_back.jpg	Repairing the Threshold	asset
z-dark-matter-273	z-dark-matter-273.avif	https://assets.arkham.build/fan_made_content/84b08ede-8129-4914-b0e3-f48ec649af9f/03db2cea-d280-4881-a6a6-775550a068a5.jpg	z-dark-matter-273b.avif	https://assets.arkham.build/fan_made_content/84b08ede-8129-4914-b0e3-f48ec649af9f/03db2cea-d280-4881-a6a6-775550a068a5_back.jpg	Ar-NO	asset
z-dark-matter-274	z-dark-matter-274.avif	https://assets.arkham.build/fan_made_content/84b08ede-8129-4914-b0e3-f48ec649af9f/8ad392a3-a2ed-412f-a8fc-de201b811820.jpg	z-dark-matter-274b.avif	https://assets.arkham.build/fan_made_content/84b08ede-8129-4914-b0e3-f48ec649af9f/8ad392a3-a2ed-412f-a8fc-de201b811820_back.jpg	Director Cixin	asset
z-dark-matter-275	z-dark-matter-275.avif	https://assets.arkham.build/fan_made_content/84b08ede-8129-4914-b0e3-f48ec649af9f/07791048-a455-4d34-8a1e-f3229ceb6bbe.jpg	z-dark-matter-275b.avif	https://assets.arkham.build/fan_made_content/84b08ede-8129-4914-b0e3-f48ec649af9f/07791048-a455-4d34-8a1e-f3229ceb6bbe_back.jpg	Mi-Go Collector	asset
z-dark-matter-276	z-dark-matter-276.avif	https://assets.arkham.build/fan_made_content/84b08ede-8129-4914-b0e3-f48ec649af9f/74f9485c-42f5-47e4-a75b-66fe127217d7.jpg	z-dark-matter-276b.avif	https://assets.arkham.build/fan_made_content/84b08ede-8129-4914-b0e3-f48ec649af9f/74f9485c-42f5-47e4-a75b-66fe127217d7_back.jpg	Shambler from the Stars	enemy
z-dark-matter-277	z-dark-matter-277.avif	https://assets.arkham.build/fan_made_content/84b08ede-8129-4914-b0e3-f48ec649af9f/f73bf07f-f977-4bb4-bde5-58320e60b9e3.jpg	z-dark-matter-277b.avif	https://assets.arkham.build/fan_made_content/84b08ede-8129-4914-b0e3-f48ec649af9f/f73bf07f-f977-4bb4-bde5-58320e60b9e3_back.jpg	Exoroid	enemy
z-dark-matter-278	z-dark-matter-278.avif	https://assets.arkham.build/fan_made_content/84b08ede-8129-4914-b0e3-f48ec649af9f/688c18b2-e472-4d6d-b38f-2255f9f2598b.jpg	z-dark-matter-278b.avif	https://assets.arkham.build/fan_made_content/84b08ede-8129-4914-b0e3-f48ec649af9f/688c18b2-e472-4d6d-b38f-2255f9f2598b_back.jpg	Without a Trace	story
z-dark-matter-279	z-dark-matter-279.avif	https://assets.arkham.build/fan_made_content/84b08ede-8129-4914-b0e3-f48ec649af9f/3cc3c9c8-d5e2-4dc6-90dd-ea3d47ec07bb.jpg	z-dark-matter-279b.avif	https://assets.arkham.build/fan_made_content/84b08ede-8129-4914-b0e3-f48ec649af9f/3cc3c9c8-d5e2-4dc6-90dd-ea3d47ec07bb_back.jpg	The Pallid Mask	asset
z-dark-matter-280	z-dark-matter-280.avif	https://assets.arkham.build/fan_made_content/84b08ede-8129-4914-b0e3-f48ec649af9f/a317c614-779d-4513-abef-d38230c00b37.jpg	z-dark-matter-280b.avif	https://assets.arkham.build/fan_made_content/84b08ede-8129-4914-b0e3-f48ec649af9f/a317c614-779d-4513-abef-d38230c00b37_back.jpg	Martian Crab	enemy
z-dark-matter-281	z-dark-matter-281.avif	https://assets.arkham.build/fan_made_content/84b08ede-8129-4914-b0e3-f48ec649af9f/f5d90107-e5ea-48cb-9889-484c851d8867.jpg	z-dark-matter-281b.avif	https://assets.arkham.build/fan_made_content/84b08ede-8129-4914-b0e3-f48ec649af9f/f5d90107-e5ea-48cb-9889-484c851d8867_back.jpg	K-11 Survey Unit	asset
z-dark-matter-282	z-dark-matter-282.avif	https://assets.arkham.build/fan_made_content/84b08ede-8129-4914-b0e3-f48ec649af9f/9353df89-51fe-4f5d-bd26-1b637334c2d7.jpg	z-dark-matter-282b.avif	https://assets.arkham.build/fan_made_content/84b08ede-8129-4914-b0e3-f48ec649af9f/9353df89-51fe-4f5d-bd26-1b637334c2d7_back.jpg	Shielding Device	asset
z-dark-matter-283	z-dark-matter-283.avif	https://assets.arkham.build/fan_made_content/84b08ede-8129-4914-b0e3-f48ec649af9f/46672480-8f8c-4e4b-ba5b-1c8bc5ab7bca.jpg	z-dark-matter-283b.avif	https://assets.arkham.build/fan_made_content/84b08ede-8129-4914-b0e3-f48ec649af9f/46672480-8f8c-4e4b-ba5b-1c8bc5ab7bca_back.jpg	Stasis Cube	asset
z-dark-matter-284	z-dark-matter-284.avif	https://assets.arkham.build/fan_made_content/84b08ede-8129-4914-b0e3-f48ec649af9f/56770f1c-ffbe-45a3-ba42-5f06769308c7.jpg	z-dark-matter-284b.avif	https://assets.arkham.build/fan_made_content/84b08ede-8129-4914-b0e3-f48ec649af9f/56770f1c-ffbe-45a3-ba42-5f06769308c7_back.jpg	Universal Archives	asset
z-dark-matter-285	z-dark-matter-285.avif	https://assets.arkham.build/fan_made_content/84b08ede-8129-4914-b0e3-f48ec649af9f/278c4d54-e9fe-4b17-81b1-369d165597d1.jpg			Alienation	treachery
z-dark-matter-286	z-dark-matter-286.avif	https://assets.arkham.build/fan_made_content/84b08ede-8129-4914-b0e3-f48ec649af9f/ed2052f2-3749-4f7c-83cf-c4ebf512820a.jpg			Cyber-Cultist	enemy
z-dark-matter-287	z-dark-matter-287.avif	https://assets.arkham.build/fan_made_content/84b08ede-8129-4914-b0e3-f48ec649af9f/f11d5d3c-757c-4f22-b5db-0af6839d72ea.jpg			Solar Eclipse	treachery
z-dark-matter-288	z-dark-matter-288.avif	https://assets.arkham.build/fan_made_content/84b08ede-8129-4914-b0e3-f48ec649af9f/531b1aa4-6768-4b62-8ffc-a76723276a33.jpg			The Dark Forest	treachery
z-dark-matter-289	z-dark-matter-289.avif	https://assets.arkham.build/fan_made_content/84b08ede-8129-4914-b0e3-f48ec649af9f/d89aeb9e-06ec-4376-9ef3-6394addaca95.jpg			Space Pirates	enemy
z-dark-matter-290	z-dark-matter-290.avif	https://assets.arkham.build/fan_made_content/84b08ede-8129-4914-b0e3-f48ec649af9f/cead7617-e831-46c9-aa9b-2cf1f152cd8e.jpg			The Stars Were Right	treachery
z-dark-matter-291	z-dark-matter-291.avif	https://assets.arkham.build/fan_made_content/84b08ede-8129-4914-b0e3-f48ec649af9f/faa0bc6d-a469-4ac1-b9f4-a3e8e5abd508.jpg			Void Byakhee	enemy
z-dark-matter-292	z-dark-matter-292.avif	https://assets.arkham.build/fan_made_content/84b08ede-8129-4914-b0e3-f48ec649af9f/f3c1d80a-927b-4d0b-aeb5-f6da7c9597d0.jpg			Solar Flare	treachery
z-dark-matter-293	z-dark-matter-293.avif	https://assets.arkham.build/fan_made_content/84b08ede-8129-4914-b0e3-f48ec649af9f/493d4738-5727-46d9-8f34-a8413454f8c7.jpg			Radiant Crown	treachery
